ALI,01/08/2022,10:15:06
ALI,01/09/2022,10:15:06
JACK_MA,01/09/2022,10:15:12
BILL_GATES,01/09/2022,10:15:33
ELON_MUSK,01/09/2022,10:15:52
BABAN,01/09/2022,10:22:10
ALI,01/09/2022,14:13:40
JACK_MA,01/09/2022,14:13:58
JACK_MA,01/10/2022,14:14:21
ALI,01/11/2022,14:14:33
ALI,01/14/2022,14:16:16
ALI,01/13/2022,15:00:35
ALI,01/10/2022,15:10:27
ELON_MUSK,01/10/2022,15:11:22
BILL_GATES,01/10/2022,15:11:46
ALI,01/12/2022,14:16:10
ELON_MUSK,01/12/2022,14:17:53
BILL_GATES,01/12/2022,14:17:54
JACK_MA,01/12/2022,14:17:56
RONALDO,01/12/2022,14:24:02
RONALDO,01/12/2022,14:24:02
RONALDO,01/12/2022,14:24:02
RONALDO,01/12/2022,14:24:02
RONALDO,01/12/2022,14:24:02
RONALDO,01/12/2022,14:24:02
RONALDO,01/12/2022,14:24:02
RONALDO,01/12/2022,14:24:02
RONALDO,01/12/2022,14:24:02
RONALDO,01/12/2022,14:24:02
RONALDO,01/12/2022,14:24:02
RONALDO,01/12/2022,14:24:02
RONALDO,01/12/2022,14:24:02
RONALDO,01/12/2022,14:24:02
RONALDO,01/12/2022,14:24:02
RONALDO,01/12/2022,14:24:02
RONALDO,01/12/2022,14:24:02
RONALDO,01/12/2022,14:24:02
RONALDO,01/12/2022,14:24:02
